{
    "X0": [4202000,178000,4780000,0],  
    "Sat": [
        {
            "Xs": 4057484.0,
            "Ys": -15010027.0,
            "Zs": 21390293.0,
            "Dist": 22508228.0
        },
        {
            "Xs": 19256229.0,
            "Ys": -7892167.0,
            "Zs": 16596261.0,
            "Dist": 20770253.0
        },
        {
            "Xs": 25621322.0,
            "Ys": 7001001.0,
            "Zs": 1723914.0,
            "Dist": 22686678.0
        },
        {
            "Xs": 16857143.0,
            "Ys": 1950345.0,
            "Zs": 20315399.0,
            "Dist": 20116405.0
        },
        {
            "Xs": -4698607.0,
            "Ys": 21273922.0,
            "Zs": 15101204.0,
            "Dist": 25115714.0
        },
        {
            "Xs": 13596420.0,
            "Ys": 21111556.0,
            "Zs": 8603486.0,
            "Dist": 23261544.0
        },
        {
            "Xs": 10361156.0,
            "Ys": 10815640.0,
            "Zs": 21876136.0,
            "Dist": 21057066.0
        },
        {
            "Xs": 22873192.0,
            "Ys": 9593720.0,
            "Zs": 9604642.0,
            "Dist": 21460702.0
        },
        {
            "Xs": 26271275.0,
            "Ys": 4211940.0,
            "Zs": -126129.0,
            "Dist": 22965151.0
        },
        {
            "Xs": 7845645.0,
            "Ys": 25338739.0,
            "Zs": 3207334.0,
            "Dist": 25471833.0
        }
    ]
}
